Data,Hora,Equipe,Liga,Tipo,Ano,Temporada,Simulador,Categoria,Pista,Inicio,Final,Pole,Best Lap,Hat-Trick,Chelem,Campeão,Construtores,Eventos,Transmissão,Já Foi?
17/01/18,20:00,Grip,F1BC,Road,2018,2018/1,Automobilista,Marcas Light,Interlagos,20,18,-,-,-,-,-,-,-,https://www.youtube.com/watch?v=Q6woDMWNdRA,TRUE
31/01/18,20:00,Grip,F1BC,Road,2018,2018/1,Automobilista,Marcas Light,Curvelo,17,17,-,-,-,-,-,-,-,https://www.youtube.com/watch?v=yXNYL7qTGmI,TRUE
21/02/18,20:00,Grip,F1BC,Road,2018,2018/1,Automobilista,Marcas Light,Curitiba,19,10,-,-,-,-,-,-,-,https://www.youtube.com/watch?v=omBQGUgL2Us,TRUE
07/03/18,20:00,Grip,F1BC,Road,2018,2018/1,Automobilista,Marcas Light,Campo Grande,16,9,-,-,-,-,-,-,-,https://www.youtube.com/watch?v=xIocBNv1yrk,TRUE
21/03/18,20:00,Grip,F1BC,Road,2018,2018/1,Automobilista,Marcas Light,Santa Cruz do Sul,15,DSQ,-,-,-,-,-,-,-,https://www.youtube.com/watch?v=8cqAeQqzeP8,TRUE
04/04/18,20:00,Grip,F1BC,Road,2018,2018/1,Automobilista,Marcas Light,Buenos Aires,12,12,-,-,-,-,-,-,-,https://www.youtube.com/watch?v=q81HGH8lzKA,TRUE
18/04/18,20:00,Grip,F1BC,Road,2018,2018/1,Automobilista,Marcas Light,Taruma,15,DSQ,-,-,-,-,-,-,-,https://www.youtube.com/watch?v=QjzzFTjhlDw,TRUE
15/05/18,22:00,Grip,F1BC,Road,2018,2018/2,Automobilista,Marcas Junior,Marcas Junior,11,6,-,-,-,-,-,-,-,https://www.youtube.com/watch?v=Jd-uVuJ7Za8,TRUE
23/05/18,20:00,Grip,F1BC,Road,2018,2018/2,Automobilista,Marcas Light,Velo Citta,15,13,-,-,-,-,-,-,-,https://www.youtube.com/watch?v=eMnTs3_OHoM,TRUE
29/05/18,22:00,Grip,F1BC,Road,2018,2018/2,Automobilista,Marcas Junior,Jacarepagua,18,14,-,-,-,-,-,-,-,https://www.youtube.com/watch?v=uCkA-M63gv4,TRUE
06/06/18,20:00,Grip,F1BC,Road,2018,2018/2,Automobilista,Marcas Light,Jacarepagua,16,16,-,-,-,-,-,-,-,https://www.youtube.com/watch?v=W_hBTGGqfjk,TRUE
12/06/18,22:00,Grip,F1BC,Road,2018,2018/2,Automobilista,Marcas Junior,Caruaru,11,8,-,-,-,-,-,-,-,https://www.youtube.com/watch?v=xc6FETrmR3E,TRUE
20/06/18,20:00,Grip,F1BC,Road,2018,2018/2,Automobilista,Marcas Light,Caruaru,16,11,-,-,-,-,-,-,-,https://www.youtube.com/watch?v=smiLNukx9co,TRUE
26/06/18,22:00,Grip,F1BC,Road,2018,2018/2,Automobilista,Marcas Junior,Curitiba,11,5,-,-,-,-,-,-,-,https://www.youtube.com/watch?v=gqM6V0I5ef0,TRUE
04/07/18,20:00,Grip,F1BC,Road,2018,2018/2,Automobilista,Marcas Light,Curitiba,17,10,-,-,-,-,-,-,-,https://www.youtube.com/watch?v=lFRTQBThju4,TRUE
10/07/18,22:00,Grip,F1BC,Road,2018,2018/2,Automobilista,Marcas Junior,Buenos Aires,10,11,-,-,-,-,-,-,-,https://www.youtube.com/watch?v=mB0NBJKA2ho,TRUE
18/07/18,20:00,Grip,F1BC,Road,2018,2018/2,Automobilista,Marcas Light,Buenos Aires,14,DNF,-,-,-,-,-,-,-,https://www.youtube.com/watch?v=xuyif_OwZcU,TRUE
24/07/18,22:00,Grip,F1BC,Road,2018,2018/2,Automobilista,Marcas Junior,Velopark,10,7,-,-,-,-,-,-,-,https://www.youtube.com/watch?v=KYvE6m93PYg,TRUE
07/08/18,22:00,Grip,F1BC,Road,2018,2018/2,Automobilista,Marcas Junior,Londrina,8,10,-,-,-,-,-,-,-,https://www.youtube.com/watch?v=Tty7Ctx9lPk,TRUE
15/08/18,20:00,Grip,F1BC,Road,2018,2018/2,Automobilista,Marcas Light,Londrina,13,9,-,-,-,-,-,-,-,https://www.youtube.com/watch?v=bgmIIRK-2kU,TRUE
12/09/18,20:00,Grip,F1BC,Road,2018,2018/3,Automobilista,Marcas Junior,Brasilia,9,3,-,-,-,-,-,-,-,https://www.youtube.com/watch?v=glrIs6Lmn9M,TRUE
17/09/18,22:00,Grip,F1BC,Road,2018,2018/3,Assetto Corsa,GT Series,Barcelona,22,19,-,-,-,-,-,-,-,https://www.youtube.com/watch?v=h5gc-ddvviY,TRUE
19/09/18,20:00,Grip,F1BC,Road,2018,2018/3,Automobilista,Marcas Light,Brasilia,10,DNF,-,-,-,-,-,-,-,https://www.youtube.com/watch?v=oWFUe4fMJAM,TRUE
26/09/18,20:00,Grip,F1BC,Road,2018,2018/3,Automobilista,Marcas Junior,Taruma,15,7,-,-,-,-,-,-,-,https://www.youtube.com/watch?v=FOBw0gQgxqk,TRUE
01/10/18,22:00,Grip,F1BC,Road,2018,2018/3,Assetto Corsa,GT Series,Spa-Francorchamps,24,10,-,-,-,-,-,-,-,https://www.youtube.com/watch?v=EjNpRuOvIcc,TRUE
10/10/18,20:00,Grip,F1BC,Road,2018,2018/3,Automobilista,Marcas Junior,Cascavel,14,3,-,-,-,-,-,-,-,https://www.youtube.com/watch?v=HfrcueD3kZI,TRUE
15/10/18,22:00,Grip,F1BC,Road,2018,2018/3,Assetto Corsa,GT Series,Silverstone,18,14,-,-,-,-,-,-,-,https://www.youtube.com/watch?v=aFvWHZ9BI3E,TRUE
17/10/18,20:00,Grip,F1BC,Road,2018,2018/3,Automobilista,Marcas Light,Cascavel,9,5,-,-,-,-,-,-,-,https://www.youtube.com/watch?v=yfloBJVAoek,TRUE
24/10/18,20:00,Grip,F1BC,Road,2018,2018/3,Automobilista,Marcas Junior,Guapore,13,8,-,-,-,-,-,-,-,https://www.youtube.com/watch?v=5WPJgpviOu0,TRUE
29/10/18,22:00,Grip,F1BC,Road,2018,2018/3,Assetto Corsa,GT Series,Imola,14,15,-,-,-,-,-,-,-,https://www.youtube.com/watch?v=puS-rAtoUZs,TRUE
31/10/18,20:00,Grip,F1BC,Road,2018,2018/3,Automobilista,Marcas Light,Guapore,13,8,-,-,-,-,-,-,-,https://www.youtube.com/watch?v=iAZFNDetEh0,TRUE
07/11/18,20:00,Grip,F1BC,Road,2018,2018/3,Automobilista,Marcas Junior,Interlagos,12,7,-,-,-,-,-,-,-,https://www.youtube.com/watch?v=nwhDJymQRr8,TRUE
14/11/18,20:00,Grip,F1BC,Road,2018,2018/3,Automobilista,Marcas Light,Interlagos,11,9,-,-,-,-,-,-,-,https://www.youtube.com/watch?v=0qHyUWQbmaA,TRUE
21/11/18,20:00,Grip,F1BC,Road,2018,2018/3,Automobilista,Marcas Junior,Cordoba,5,8,-,-,-,-,-,-,-,https://www.youtube.com/watch?v=JBighI8F2t0,TRUE
28/11/18,20:00,Grip,F1BC,Road,2018,2018/3,Automobilista,Marcas Light,Cordoba,13,9,-,-,-,-,-,-,-,https://www.youtube.com/watch?v=tkvZuLLTtZY,TRUE
05/12/18,20:00,Grip,F1BC,Road,2018,2018/3,Automobilista,Marcas Junior,Jacarepagua,8,4,-,-,-,-,-,-,-,https://www.youtube.com/watch?v=FR6_QfDhqIY,TRUE
11/12/18,21:00,Grip,RacersAv,Road,2018,2018/3,Automobilista,250 KM Lancer,Interlagos,4,2,-,-,-,-,-,-,-,https://www.youtube.com/watch?v=r3of6xaXXLc,TRUE
12/12/18,20:00,Grip,F1BC,Road,2018,2018/3,Automobilista,Marcas Light,Jacarepagua,13,DSQ,-,-,-,-,-,-,-,https://www.youtube.com/watch?v=5DsO6OJAIsg,TRUE
17/01/19,22:00,Grip,F1BC,Road,2019,2019/1,Automobilista,Kart Pro,Buskerud,10,5,-,-,-,-,-,-,-,https://www.youtube.com/watch?v=k_8XSBUQdPU,TRUE
17/01/19,22:00,Grip,F1BC,Road,2019,2019/1,Automobilista,Kart Pro,Buskerud,6,7,-,-,-,-,-,-,-,https://www.youtube.com/watch?v=k_8XSBUQdPU,TRUE
22/01/19,20:00,Grip,F1BC,Road,2019,2019/1,Automobilista,Marcas Junior,Goiania,7,8,-,-,-,-,-,-,-,https://www.youtube.com/watch?v=5tjfNtWXOQE,TRUE
23/01/19,20:00,Grip,F1BC,Road,2019,2019/1,Automobilista,Marcas Light,Goiania,10,10,-,-,-,-,-,-,-,https://www.youtube.com/watch?v=yuvkVzXFToI,TRUE
31/01/19,22:00,Grip,F1BC,Road,2019,2019/1,Automobilista,Kart Pro,Floripa,6,6,-,-,-,-,-,-,-,https://www.youtube.com/watch?v=5fvBoao6-UA,TRUE
31/01/19,22:00,Grip,F1BC,Road,2019,2019/1,Automobilista,Kart Pro,Floripa,4,9,-,-,-,-,-,-,-,https://www.youtube.com/watch?v=5fvBoao6-UA,TRUE
05/02/19,20:00,Grip,F1BC,Road,2019,2019/1,Automobilista,Marcas Junior,Campo Grande,19,DNF,-,-,-,-,-,-,-,https://www.youtube.com/watch?v=JIp4fzpPbas,TRUE
06/02/19,20:00,Grip,F1BC,Road,2019,2019/1,Automobilista,Marcas Light,Campo Grande,20,10,-,-,-,-,-,-,-,https://www.youtube.com/watch?v=aWmeZ5vv2aE,TRUE
14/02/19,22:00,Grip,F1BC,Road,2019,2019/1,Automobilista,Kart Pro,Granja Viana,8,5,-,-,-,-,-,-,-,https://www.youtube.com/watch?v=3Cz_9HfW1nY,TRUE
14/02/19,22:00,Grip,F1BC,Road,2019,2019/1,Automobilista,Kart Pro,Granja Viana,6,DNF,-,-,-,-,-,-,-,https://www.youtube.com/watch?v=3Cz_9HfW1nY,TRUE
19/02/19,20:00,Grip,F1BC,Road,2019,2019/1,Automobilista,Marcas Junior,Curitiba,2,7,-,-,-,-,-,-,-,https://www.youtube.com/watch?v=IO7T3licObw,TRUE
20/02/19,20:00,Grip,F1BC,Road,2019,2019/1,Automobilista,Marcas Light,Curitiba,7,12,-,-,-,-,-,-,-,https://www.youtube.com/watch?v=u74007ia97Q,TRUE
28/02/19,22:00,Grip,F1BC,Road,2019,2019/1,Automobilista,Kart Pro,Ortona,3,4,-,SIM,-,-,-,-,-,https://www.youtube.com/watch?v=Q7fWU016sLI,TRUE
12/03/19,20:00,Grip,F1BC,Road,2019,2019/1,Automobilista,Marcas Junior,Santa Cruz do Sul,4,7,-,-,-,-,-,-,-,https://www.youtube.com/watch?v=QS-nm-E0U0w,TRUE
13/03/19,20:00,Grip,F1BC,Road,2019,2019/1,Automobilista,Marcas Light,Santa Cruz do Sul,2,DNF,-,-,-,-,-,-,-,https://www.youtube.com/watch?v=PvjIfUeBmlg,TRUE
21/03/19,22:00,Grip,F1BC,Road,2019,2019/1,Automobilista,Kart Pro,Londrina,10,6,-,-,-,-,-,-,-,https://www.youtube.com/watch?v=U05SPLWeP8Q,TRUE
26/03/19,20:00,Grip,F1BC,Road,2019,2019/1,Automobilista,Marcas Junior,Curvelo,6,DNF,-,-,-,-,-,-,-,https://www.youtube.com/watch?v=hk-xXYYmcWk,TRUE
27/03/19,20:00,Grip,F1BC,Road,2019,2019/1,Automobilista,Marcas Light,Curvelo,8,10,-,-,-,-,-,-,-,https://www.youtube.com/watch?v=G_1pM46Sw-U,TRUE
17/04/19,21:00,Grip,RacersAv,Road,2019,2019/2,Automobilista,Montana,Goiania,5,DNF,-,-,-,-,-,-,-,https://www.youtube.com/watch?v=yLH_FcJWdpc,TRUE
14/05/19,20:00,Grip,F1BC,Road,2019,2019/2,Automobilista,Marcas Junior,Velo Citta,7,2,-,-,-,-,-,-,-,https://www.youtube.com/watch?v=0w6cyB8Y07I,TRUE
16/05/19,20:00,Grip,F1BC,Road,2019,2019/2,RFactor 2,Touring Light,Barcelona,6,9,-,-,-,-,-,-,-,https://www.youtube.com/watch?v=vnjn49NJ-2U,TRUE
28/05/19,20:00,Grip,F1BC,Road,2019,2019/2,Automobilista,Marcas Junior,Londrina,13,11,-,-,-,-,-,-,-,https://www.youtube.com/watch?v=v2N8i2pXMlI,TRUE
30/05/19,20:00,Grip,F1BC,Road,2019,2019/2,RFactor 2,Touring Light,Montreal,5,7,-,-,-,-,-,-,-,https://www.youtube.com/watch?v=ZaeSUZ5E1l0,TRUE
11/06/19,20:00,Grip,F1BC,Road,2019,2019/2,Automobilista,Marcas Junior,Velopark,2,3,-,-,-,-,-,-,-,https://www.youtube.com/watch?v=V7ugSBH_ISk,TRUE
13/06/19,20:00,Grip,F1BC,Road,2019,2019/2,RFactor 2,Touring Light,Paul Ricard,3,1,-,-,-,-,-,-,-,https://www.youtube.com/watch?v=NGfOJAQiAY8,TRUE
14/06/19,22:00,Grip,LPVW,Road,2019,2019/2,Automobilista,Indy 328,Indianapolis,7,5,-,-,-,-,-,-,-,https://www.youtube.com/watch?v=2dmqwnjZ2B4,TRUE
25/06/19,20:00,Grip,F1BC,Road,2019,2019/2,Automobilista,Marcas Junior,Spielberg,11,7,-,-,-,-,-,-,-,https://www.youtube.com/watch?v=G5UbRHUSn3g,TRUE
27/06/19,20:00,Grip,F1BC,Road,2019,2019/2,RFactor 2,Touring Light,Spielberg,4,2,-,-,-,-,-,-,-,https://www.youtube.com/watch?v=QerFylQCYX0,TRUE
09/07/19,20:00,Grip,F1BC,Road,2019,2019/2,Automobilista,Marcas Junior,Jacarepagua,11,5,-,-,-,-,-,-,-,https://www.youtube.com/watch?v=QjfMTGFd3F0,TRUE
11/07/19,20:00,Grip,F1BC,Road,2019,2019/2,RFactor 2,Touring Light,Silverstone,2,1,-,-,-,-,-,-,-,https://www.youtube.com/watch?v=1r9eVzY9jSw,TRUE
23/07/19,20:00,Grip,F1BC,Road,2019,2019/2,Automobilista,Marcas Junior,Buenos Aires,1,3,SIM,-,-,-,-,-,-,https://www.youtube.com/watch?v=db_KdZG2hfw,TRUE
25/07/19,20:00,Grip,F1BC,Road,2019,2019/2,RFactor 2,Touring Light,Hockenhein,3,1,-,-,-,-,-,-,-,https://www.youtube.com/watch?v=6YlosNDlCRU,TRUE
01/08/19,22:00,Grip,F1BC,Road,2019,2019/2,Automobilista,Kart Series,Aldeia da Serra,6,6,-,-,-,-,-,-,-,https://www.youtube.com/watch?v=mauzOF6lXHk,TRUE
01/08/19,22:00,Grip,F1BC,Road,2019,2019/2,Automobilista,Kart Series,Aldeia da Serra,1,4,-,-,-,-,-,-,-,https://www.youtube.com/watch?v=mauzOF6lXHk,TRUE
06/08/19,20:00,Grip,F1BC,Road,2019,2019/2,Automobilista,Marcas Junior,Guapore,1,2,SIM,-,-,-,SIM,SIM,-,https://www.youtube.com/watch?v=vXLbZ7G16-I,TRUE
08/08/19,20:00,Grip,F1BC,Road,2019,2019/2,RFactor 2,Touring Light,Spa-Francorchamps,3,2,-,-,-,-,SIM,SIM,-,https://www.youtube.com/watch?v=AJMCiKGGDsU,TRUE
11/09/19,22:00,Grip,F1BC,Road,2019,2019/3,Automobilista,Marcas Pro,Brasilia,3,10,-,-,-,-,-,-,-,https://www.youtube.com/watch?v=KcAtmKwnyzc,TRUE
12/09/19,22:00,Vakuum,F1BC,Road,2019,2019/3,Assetto Corsa,GT Series,Algarve,8,7,-,-,-,-,-,-,-,https://www.youtube.com/watch?v=7ifL7KjReT4,TRUE
25/09/19,22:00,Grip,F1BC,Road,2019,2019/3,Automobilista,Marcas Pro,Montreal,11,9,-,-,-,-,-,-,-,https://www.youtube.com/watch?v=IOM151u6JhA,TRUE
26/09/19,22:00,Vakuum,F1BC,Road,2019,2019/3,Assetto Corsa,GT Series,Silverstone,14,8,-,-,-,-,-,-,-,https://www.youtube.com/watch?v=6P19jJC61bw,TRUE
09/10/19,22:00,Grip,F1BC,Road,2019,2019/3,Automobilista,Marcas Pro,Suzuka,15,DNF,-,-,-,-,-,-,-,https://www.youtube.com/watch?v=APiqxeqqZD8,TRUE
10/10/19,22:00,Vakuum,F1BC,Road,2019,2019/3,Assetto Corsa,GT Series,Mugello,8,11,-,-,-,-,-,-,-,https://www.youtube.com/watch?v=mH3UlP5b_-E,TRUE
23/10/19,22:00,Grip,F1BC,Road,2019,2019/3,Automobilista,Marcas Pro,Taruma,17,8,-,-,-,-,-,-,-,https://www.youtube.com/watch?v=oYBMAlCCx70,TRUE
24/10/19,22:00,Vakuum,F1BC,Road,2019,2019/3,Assetto Corsa,GT Series,Daytona,4,10,-,-,-,-,-,-,-,https://www.youtube.com/watch?v=fePLH68dkr4,TRUE
06/11/19,22:00,Grip,F1BC,Road,2019,2019/3,Automobilista,Marcas Pro,Cordoba,9,14,-,-,-,-,-,-,-,https://www.youtube.com/watch?v=Uo2xDzd_5ag,TRUE
07/11/19,22:00,Vakuum,F1BC,Road,2019,2019/3,Assetto Corsa,GT Series,Spa-Francorchamps,9,9,-,-,-,-,-,-,-,https://www.youtube.com/watch?v=Fu_vJXZyu54,TRUE
20/11/19,22:00,Grip,F1BC,Road,2019,2019/3,Automobilista,Marcas Pro,Interlagos,8,6,-,SIM,-,-,-,-,-,https://www.youtube.com/watch?v=de6ZKEYJi7g,TRUE
21/11/19,22:00,Vakuum,F1BC,Road,2019,2019/3,Assetto Corsa,GT Series,Chang,11,10,-,-,-,-,-,-,-,https://www.youtube.com/watch?v=s36Jr2b11GU,TRUE
04/12/19,22:00,Grip,F1BC,Road,2019,2019/3,Automobilista,Marcas Pro,Monza,9,DNF,-,-,-,-,-,-,-,https://www.youtube.com/watch?v=jzdlDc6i7_g,TRUE
05/12/19,22:00,Vakuum,F1BC,Road,2019,2019/3,Assetto Corsa,GT Series,Paul Ricard,11,11,-,-,-,-,-,-,-,https://www.youtube.com/watch?v=beEAyhVNauM,TRUE
07/12/19,23:59,Grip,ProRace,Road,2019,2020/1,Automobilista,GT3,Silverstone,13,18,-,-,-,-,-,-,-,https://www.youtube.com/watch?v=jiGqlSSWAec,TRUE
16/12/19,21:00,Grip,RacersAv,Road,2019,2019/3,Automobilista,250 KM Mini,Interlagos,1,1,SIM,-,-,-,-,-,SIM,https://www.youtube.com/watch?v=sWbGbJk06u4,TRUE
18/12/19,21:00,Grip,RacersAv,Road,2019,2019/3,Automobilista,250 KM Marcas,Interlagos,5,2,-,SIM,-,-,-,-,-,https://www.youtube.com/watch?v=sw40OOdJ5ZE,TRUE
21/12/19,23:59,Grip,ProRace,Road,2019,2020/1,Automobilista,GT3,Road America,7,5,-,-,-,-,-,-,-,https://www.youtube.com/watch?v=UX0C4iXCxgE,TRUE
11/01/20,23:59,Grip,ProRace,Road,2020,2020/1,Automobilista,GT3,Monza,5,11,-,-,-,-,-,-,-,https://www.youtube.com/watch?v=4nCS5AjbtPw,TRUE
11/01/20,23:59,Grip,ProRace,Road,2020,2020/1,Automobilista,GT3,Monza,8,7,-,-,-,-,-,-,-,https://www.youtube.com/watch?v=4nCS5AjbtPw,TRUE
18/01/20,23:59,Grip,ProRace,Road,2020,2020/1,Automobilista,GT3,Laguna Seca,3,6,-,-,-,-,-,-,-,https://www.youtube.com/watch?v=TRuMFVhHx3c,TRUE
25/01/20,23:59,Grip,ProRace,Road,2020,2020/1,Automobilista,GT3,Interlagos,4,3,-,-,-,-,-,-,-,https://www.youtube.com/watch?v=rJmCD_ZYJi0,TRUE
01/02/20,23:59,Grip,ProRace,Road,2020,2020/1,Automobilista,GT3,Barcelona,4,6,-,-,-,-,-,-,-,https://www.youtube.com/watch?v=xPhV0mRScQE,TRUE
08/02/20,23:59,Grip,ProRace,Road,2020,2020/1,Automobilista,GT3,Spa-Francorchamps,5,6,-,-,-,-,-,-,-,https://www.youtube.com/watch?v=Khh9VMs3mp0,TRUE
08/02/20,23:59,Grip,ProRace,Road,2020,2020/1,Automobilista,GT3,Spa-Francorchamps,6,4,-,-,-,-,-,SIM,-,https://www.youtube.com/watch?v=Khh9VMs3mp0,TRUE
12/03/20,21:00,Grip,RacersAv,Road,2020,2020/1,Automobilista,Stock Duplas,Goiania,14,9,-,-,-,-,-,-,-,https://www.youtube.com/watch?v=F0mCBk18O_4,TRUE
15/04/20,21:00,Grip,RacersAv,Road,2020,2020/2,Automobilista,WTCC,Montreal,3,2,-,-,-,-,-,-,-,https://www.youtube.com/watch?v=dAswl2f0YK0,TRUE
20/04/20,22:00,Grip,Turismo Nacional,Road,2020,2020/2,Automobilista,B,Taruma,8,5,-,-,-,-,-,-,-,https://www.youtube.com/watch?v=xCcIOyuc-Lo,TRUE
20/04/20,22:00,Grip,Turismo Nacional,Road,2020,2020/2,Automobilista,B,Taruma,6,DNF,-,-,-,-,-,-,-,https://www.youtube.com/watch?v=xCcIOyuc-Lo,TRUE
29/04/20,21:00,Grip,RacersAv,Road,2020,2020/2,Automobilista,WTCC,Curitiba,3,2,-,-,-,-,-,-,-,https://www.youtube.com/watch?v=nQ5AQNi9GQk,TRUE
04/05/20,22:00,Grip,Turismo Nacional,Road,2020,2020/2,Automobilista,B,Interlagos,5,4,-,-,-,-,-,-,-,https://www.youtube.com/watch?v=bouV8y8OmMo,TRUE
04/05/20,22:00,Grip,Turismo Nacional,Road,2020,2020/2,Automobilista,B,Interlagos,3,5,-,-,-,-,-,-,-,https://www.youtube.com/watch?v=bouV8y8OmMo,TRUE
05/05/20,21:00,Grip,RacersAv,Road,2020,2020/2,Automobilista,200 KM Lancer,Taruma,2,3,-,-,-,-,-,-,-,https://www.youtube.com/watch?v=VemIrwiRQas,TRUE
13/05/20,21:00,Grip,RacersAv,Road,2020,2020/2,Automobilista,WTCC,Magny Cours,5,2,-,-,-,-,-,-,-,https://www.youtube.com/watch?v=nyhFxCHBLMU,TRUE
18/05/20,22:00,Grip,Turismo Nacional,Road,2020,2020/2,Automobilista,B,Goiania,17,12,-,-,-,-,-,-,-,https://www.youtube.com/watch?v=OwksEZ4Yir8,TRUE
19/05/20,21:00,Grip,RacersAv,Road,2020,2020/2,Automobilista,200 KM AJR,Taruma,2,3,-,-,-,-,-,-,-,https://www.youtube.com/watch?v=RBtBpomgBFE,TRUE
27/05/20,21:00,Grip,RacersAv,Road,2020,2020/2,Automobilista,WTCC,Interlagos,4,2,-,SIM,-,-,-,-,-,https://www.youtube.com/watch?v=7kJGKyLuhrU,TRUE
09/06/20,21:30,Grip,Virtual Challenge,Oval,2020,2020/3,iRacing,Truck Series,Daytona,32,DNF,-,-,-,-,-,-,-,https://www.youtube.com/watch?v=4u8YPnk_gZY,TRUE
10/06/20,21:00,Grip,RacersAv,Road,2020,2020/2,Automobilista,WTCC,Hockenhein,5,5,-,-,-,-,-,-,-,https://www.youtube.com/watch?v=ngKctYf4sFw,TRUE
23/06/20,21:30,Grip,Virtual Challenge,Oval,2020,2020/3,iRacing,Truck Series,Chicagoland,34,14,-,-,-,-,-,-,-,https://www.youtube.com/watch?v=XMtSd9d7KtA,TRUE
24/06/20,20:00,Grip,F1BC,Road,2020,2020/2,Automobilista,Marcas,Okayama,6,7,-,-,-,-,-,-,-,https://www.youtube.com/watch?v=MeH6wVe2qWo,TRUE
07/07/20,21:30,Grip,Virtual Challenge,Oval,2020,2020/3,iRacing,Truck Series,Texas,36,20,-,-,-,-,-,-,-,https://www.youtube.com/watch?v=E3iEvxXm29k,TRUE
08/07/20,20:00,Grip,F1BC,Road,2020,2020/2,Automobilista,Marcas,Watkins Glen,11,7,-,SIM,-,-,-,-,-,https://www.youtube.com/watch?v=MW09Oi2fCQ8,TRUE
19/07/20,19:00,Grip,Warmup,Road,2020,2020/3,Automobilista,GT3 Le Mans,Le Mans,7,1,-,-,-,-,-,-,SIM,https://www.youtube.com/watch?v=Lu78Jbi-TcA,TRUE
21/07/20,21:30,Grip,Virtual Challenge,Oval,2020,2020/3,IRacing,Truck Series,Michigan,25,29,-,-,-,-,-,-,-,https://www.youtube.com/watch?v=0C67mJGfJQU,TRUE
22/07/20,20:00,Grip,F1BC,Road,2020,2020/2,Automobilista,Marcas,Santa Cruz do Sul,7,4,-,-,-,-,-,-,-,https://www.youtube.com/watch?v=cfvSGN_Mt0o,TRUE
04/08/20,21:30,Grip,Virtual Challenge,Oval,2020,2020/3,IRacing,Truck Series,Pocono,13,4,-,-,-,-,-,-,-,https://www.youtube.com/watch?v=hXAKb2AsT3Q,TRUE
05/08/20,20:00,Grip,F1BC,Road,2020,2020/2,Automobilista,Marcas,Autopolis,3,5,-,-,-,-,-,-,-,https://www.youtube.com/watch?v=OfCbd0g-Xsg,TRUE
18/08/20,21:30,Grip,Virtual Challenge,Oval,2020,2020/3,IRacing,Truck Series,Charlotte,12,17,-,-,-,-,-,-,-,https://www.youtube.com/watch?v=FSadNozw_rU,TRUE
15/09/20,20:00,Grip,F1BC,Road,2020,2020/3,Automobilista,Stock,Brasilia,5,10,-,-,-,-,-,-,-,https://www.youtube.com/watch?v=NgrXw45WcvU,TRUE
16/09/20,20:00,Grip,F1BC,Road,2020,2020/3,Automobilista,Marcas,Brasilia,6,7,-,-,-,-,-,-,-,https://www.youtube.com/watch?v=jgHzrS6jog0,TRUE
23/09/20,20:00,Grip,F1BC,Road,2020,2020/3,Automobilista,Ferrari Challenge,Spielberg,1,4,SIM,-,-,-,-,-,-,https://www.youtube.com/watch?v=iwfr5F4_fh0,TRUE
30/09/20,20:00,Grip,F1BC,Road,2020,2020/3,Automobilista,Marcas,Spielberg,3,1,-,SIM,-,-,-,-,-,https://www.youtube.com/watch?v=AXGhIxM2EAA,TRUE
07/10/20,20:00,Grip,F1BC,Road,2020,2020/3,Automobilista,Ferrari Challenge,Taruma,1,DNF,SIM,-,-,-,-,-,-,https://www.youtube.com/watch?v=xsH7Tx4_bDg,TRUE
13/10/20,20:00,Grip,F1BC,Road,2020,2020/3,Automobilista,Stock,Taruma,1,1,SIM,-,-,-,-,-,-,https://www.youtube.com/watch?v=laIxhgRlkaM,TRUE
14/10/20,20:00,Grip,F1BC,Road,2020,2020/3,Automobilista,Marcas,Taruma,15,11,-,-,-,-,-,-,-,https://www.youtube.com/watch?v=DtBOarNUI3g,TRUE
21/10/20,20:00,Grip,F1BC,Road,2020,2020/3,Automobilista,Ferrari Challenge,Goiania,1,1,SIM,SIM,SIM,-,-,-,-,https://www.youtube.com/watch?v=UczzZcATYtA,TRUE
27/10/20,20:00,Grip,F1BC,Road,2020,2020/3,Automobilista,Stock,Goiania,16,12,-,-,-,-,-,-,-,https://www.youtube.com/watch?v=6Ti2jk2kKr4,TRUE
28/10/20,20:00,Grip,F1BC,Road,2020,2020/3,Automobilista,Marcas,Goiania,11,15,-,-,-,-,-,-,-,https://www.youtube.com/watch?v=w7KCZAQH-Lw,TRUE
04/11/20,20:00,Grip,F1BC,Road,2020,2020/3,Automobilista,Ferrari Challenge,Cascavel,1,1,SIM,-,-,-,-,-,-,https://www.youtube.com/watch?v=f2VOPVtHxDg,TRUE
10/11/20,20:00,Grip,F1BC,Road,2020,2020/3,Automobilista,Stock,Cascavel,10,DNF,-,-,-,-,-,-,-,https://www.youtube.com/watch?v=39Vr4Q5xsDo,TRUE
11/11/20,20:00,Grip,F1BC,Road,2020,2020/3,Automobilista,Marcas,Cascavel,4,7,-,-,-,-,-,-,-,https://www.youtube.com/watch?v=9buH5_lLExg,TRUE
18/11/20,20:00,Grip,F1BC,Road,2020,2020/3,Automobilista,Ferrari Challenge,Suzuka,6,5,-,-,-,-,-,-,-,https://www.youtube.com/watch?v=jZpKoB-LQ_Y,TRUE
24/11/20,20:00,Grip,F1BC,Road,2020,2020/3,Automobilista,Stock,Suzuka,1,3,SIM,-,-,-,-,-,-,https://www.youtube.com/watch?v=5ydupZEO9G0,TRUE
25/11/20,20:00,Grip,F1BC,Road,2020,2020/3,Automobilista,Marcas,Suzuka,5,6,-,-,-,-,-,-,-,https://www.youtube.com/watch?v=SJbwYvaZuIc,TRUE
02/12/20,20:00,Grip,F1BC,Road,2020,2020/3,Automobilista,Ferrari Challenge,Interlagos,3,3,-,-,-,-,-,-,-,https://www.youtube.com/watch?v=hwFD_Wd_fCc,TRUE
08/12/20,20:00,Grip,F1BC,Road,2020,2020/3,Automobilista,Stock,Interlagos,5,9,-,-,-,-,-,-,-,https://www.youtube.com/watch?v=7txszWb4cwk,TRUE
09/12/20,20:00,Grip,F1BC,Road,2020,2020/3,Automobilista,Marcas,Interlagos,3,3,-,-,-,-,-,-,-,https://www.youtube.com/watch?v=6lRTijg-Rpo,TRUE
15/12/20,20:00,Grip,F1BC,Road,2020,2020/3,Automobilista,Stock,Spielberg,9,8,-,-,-,-,-,-,-,https://www.youtube.com/watch?v=yXJkayFMw84,TRUE
17/12/20,21:00,Grip,RacersAv,Road,2020,2020/3,Automobilista,Marcas,Londrina,3,2,-,-,-,-,-,-,-,https://www.youtube.com/watch?v=1pOH0V3Jkh0,TRUE
14/01/21,22:00,Grip,F1BC,Road,2021,2021/1,Automobilista 2,Sprint Race,Curvelo,5,DNS,-,-,-,-,-,-,-,https://youtu.be/j53RkiqRCPk,TRUE
15/01/21,21:00,Grip,GreenAV Club,Road,2021,2021/1,RFactor 2,GTE,Monza,13,5,-,-,-,-,-,-,-,N/A,TRUE
20/01/21,20:00,Grip,F1BC,Road,2021,2021/1,Automobilista,Marcas,Curvelo,12,9,-,-,-,-,-,-,-,https://www.youtube.com/watch?v=xxSlit0Upr0,TRUE
22/01/21,21:00,Grip,GreenAV Club,Road,2021,2021/1,RFactor 2,GTE,Paul Ricard,9,3,-,-,-,-,-,-,-,N/A,TRUE
28/01/21,22:00,Grip,F1BC,Road,2021,2021/1,Automobilista 2,Sprint Race,Jerez,5,DNS,-,-,-,-,-,-,-,https://youtu.be/DlHL6Nei_Zo,TRUE
05/02/21,21:00,Grip,GreenAV Club,Road,2021,2021/1,RFactor 2,GTE,Indianapolis,11,7,-,-,-,-,-,-,-,https://www.youtube.com/watch?v=yUviw0EzGp0,TRUE
11/02/21,22:00,Grip,F1BC,Road,2021,2021/1,Automobilista 2,Sprint Race,Santa Cruz do Sul,7,3,-,-,-,-,-,-,-,https://youtu.be/r6PsmL2538I,TRUE
18/02/21,22:00,Grip,F1BC,Road,2021,2021/1,Automobilista 2,Virtual Mini,Santa Cruz do Sul,2,5,-,SIM,-,-,-,-,-,https://www.youtube.com/watch?v=qK95Md2FO0c,TRUE
25/02/21,22:00,Grip,F1BC,Road,2021,2021/1,Automobilista 2,Sprint Race,Adelaide,9,4,-,-,-,-,-,-,-,https://youtu.be/WtQI62qRUKY,TRUE
04/03/21,22:00,Grip,F1BC,Road,2021,2021/1,Automobilista 2,Virtual Mini,Adelaide,5,4,-,-,-,-,-,-,-,https://www.youtube.com/watch?v=Vl8cwFrV_ho,TRUE
05/03/21,21:00,Grip,GreenAV Club,Road,2021,2021/1,RFactor 2,GTE,Sebring,12,11,-,-,-,-,-,-,-,https://www.youtube.com/watch?v=8-kDYPfSk0s,TRUE
11/03/21,22:00,Grip,F1BC,Road,2021,2021/1,Automobilista 2,Sprint Race,Curitiba,8,6,-,-,-,-,-,-,-,https://youtu.be/Z3yY3f-FuTk,TRUE
18/03/21,22:00,Grip,F1BC,Road,2021,2021/1,Automobilista 2,Virtual Mini,Curitiba,5,3,-,-,-,-,-,-,-,https://www.youtube.com/watch?v=y-70QaN4ToU,TRUE
19/03/21,21:00,Grip,GreenAV Club,Road,2021,2021/1,RFactor 2,GTE,Nurburgring,12,8,-,-,-,-,-,-,-,https://www.youtube.com/watch?v=isuljBMdde0,TRUE
21/03/21,19:00,Grip,Warmup,Road,2021,2021/1,Automobilista,Stock Light,Cascavel,4,4,-,-,-,-,-,-,-,https://www.youtube.com/watch?v=QRqvRaiIm_o,TRUE
21/03/21,19:00,Grip,Warmup,Road,2021,2021/1,Automobilista,Stock Light,Cascavel,26,13,-,-,-,-,-,-,-,https://www.youtube.com/watch?v=QRqvRaiIm_o,TRUE
25/03/21,22:00,Grip,F1BC,Road,2021,2021/1,Automobilista 2,Sprint Race,Hockenhein,4,2,-,SIM,-,-,-,-,-,https://www.youtube.com/watch?v=_croqiydeuA,TRUE
28/03/21,19:00,Grip,Warmup,Road,2021,2021/1,Automobilista,Stock Light,Curitiba,4,2,-,-,-,-,-,-,-,https://www.youtube.com/watch?v=a1DjoFhfe5I,TRUE
28/03/21,19:00,Grip,Warmup,Road,2021,2021/1,Automobilista,Stock Light,Curitiba,28,17,-,-,-,-,-,-,-,https://www.youtube.com/watch?v=a1DjoFhfe5I,TRUE
01/04/21,22:00,Grip,F1BC,Road,2021,2021/1,Automobilista 2,Virtual Mini,Hockenhein,2,1,-,SIM,-,-,-,-,-,https://www.youtube.com/watch?v=KHiOFm5zjbY,TRUE
03/04/21,19:00,Grip,Warmup,Road,2021,2021/1,Automobilista,Stock Light,Daytona Oval,5,5,-,-,-,-,-,-,-,https://www.youtube.com/watch?v=4tK8QU4DyAA,TRUE
08/04/21,22:00,Grip,F1BC,Road,2021,2021/1,Automobilista 2,Sprint Race,Jacarepagua,4,3,-,-,-,-,-,SIM,-,https://www.youtube.com/watch?v=fXQL5PWt3zw,TRUE
11/04/21,19:00,Grip,Warmup,Road,2021,2021/1,Automobilista,Stock Light,Austria 1977,10,16,-,-,-,-,-,-,-,https://www.youtube.com/watch?v=R_W-aVbG60o,TRUE
11/04/21,19:00,Grip,Warmup,Road,2021,2021/1,Automobilista,Stock Light,Austria 1977,11,3,-,-,-,-,-,-,-,https://www.youtube.com/watch?v=R_W-aVbG60o,TRUE
15/04/21,20:00,Grip,F1BC,Road,2021,2021/1,Automobilista 2,Virtual Mini,Jacarepagua,1,1,SIM,-,-,-,-,-,-,https://www.youtube.com/watch?v=-ZLUT0t-D1I,TRUE
18/04/21,19:00,Grip,Warmup,Road,2021,2021/1,Automobilista,Stock Light,Interlagos Oval,4,9,-,-,-,-,-,-,-,https://www.youtube.com/watch?v=M4VoZz2ErhE,TRUE
23/04/21,21:00,Grip,GreenAV Club,Road,2021,2021/1,RFactor 2,GTE,Spa-Francorchamps,10,5,-,-,-,-,-,-,-,https://www.youtube.com/watch?v=oqlbo3D_mYg,TRUE
25/04/21,19:00,Grip,Warmup,Road,2021,2021/1,Automobilista,Stock Light,Goiania,7,7,-,-,-,-,-,-,-,https://www.youtube.com/watch?v=F3M8D6bvfQ8,TRUE
25/04/21,19:00,Grip,Warmup,Road,2021,2021/1,Automobilista,Stock Light,Goiania,17,4,-,-,-,-,-,-,-,https://www.youtube.com/watch?v=F3M8D6bvfQ8,TRUE
02/05/21,19:00,Grip,Warmup,Road,2021,2021/1,Automobilista,Stock Light,Taruma,2,1,-,-,-,-,-,-,-,https://www.youtube.com/watch?v=m3W-OdYK6Pw,TRUE
02/05/21,19:00,Grip,Warmup,Road,2021,2021/1,Automobilista,Stock Light,Taruma,22,7,-,-,-,-,SIM,-,-,https://www.youtube.com/watch?v=m3W-OdYK6Pw,TRUE
18/05/21,20:00,Grip,F1BC,Road,2021,2021/2,Automobilista,Copa Stock,Velo Citta,9,7,-,-,-,-,-,-,-,https://www.youtube.com/watch?v=L1AQNVD18EA,TRUE
20/05/21,22:00,Grip,F1BC,Road,2021,2021/2,Automobilista 2,Virtual Mini,Velo Citta,2,2,-,SIM,-,-,-,-,-,https://youtu.be/sIYEzRCt93U,TRUE
29/05/21,16:00,Grip,GreenAV Club,Road,2021,2021/2,RFactor 2,GTE,Le Mans,9,5,-,-,-,-,-,-,-,https://www.youtube.com/watch?v=ObvdX4xLHn4,TRUE
03/06/21,22:00,Grip,F1BC,Road,2021,2021/2,Automobilista 2,Virtual Mini,Donington Park,1,3,SIM,-,-,-,-,-,-,https://youtu.be/qM2RmgKkB1E,TRUE
17/06/21,22:00,Grip,F1BC,Road,2021,2021/2,Automobilista 2,Virtual Mini,Campo Grande,2,3,-,-,-,-,-,-,-,https://youtu.be/62ySqoz6C5Q,TRUE
01/07/21,22:00,Grip,F1BC,Road,2021,2021/2,Automobilista 2,Virtual Mini,Montreal,1,2,SIM,-,-,-,-,-,-,https://youtu.be/-mSO4ytlnKc,TRUE
02/07/21,21:00,Grip,GreenAV Club,Road,2021,2021/2,RFactor 2,GTE,Imola,6,4,-,-,-,-,-,-,-,https://www.youtube.com/watch?v=aa8t01EyZTc,TRUE
15/07/21,22:00,Grip,F1BC,Road,2021,2021/2,Automobilista 2,Virtual Mini,Londrina,1,3,SIM,-,-,-,-,-,-,https://youtu.be/YUKrZp6gOhg,TRUE
27/07/21,20:00,Grip,F1BC,Road,2021,2021/2,Automobilista,Copa Stock,Suzuka,8,9,-,-,-,-,-,-,-,https://www.youtube.com/watch?v=WPsuusvJ8sI,TRUE
29/07/21,22:00,Grip,F1BC,Road,2021,2021/2,Automobilista 2,Virtual Mini,Suzuka,5,2,-,SIM,-,-,-,-,-,https://youtu.be/4DXBBPrFGqM,TRUE
10/08/21,20:00,Grip,F1BC,Road,2021,2021/2,Automobilista,Copa Stock,Cascavel,6,7,-,-,-,-,-,-,-,https://www.youtube.com/watch?v=DIxoJ5rGDSc,TRUE
12/08/21,22:00,Grip,F1BC,Road,2021,2021/2,Automobilista 2,Virtual Mini,Cascavel,1,4,SIM,-,-,-,-,-,-,https://youtu.be/mUqWfZ1m30Y,TRUE
10/09/21,21:00,Grip,GreenAV Club,Road,2021,2021/3,RFactor 2,GTE,Bahrein,5,2,-,-,-,-,-,-,-,https://www.youtube.com/watch?v=JTpz-INCXdQ,TRUE
20/09/21,21:40,Grip,Campeonatos Classicos,Road,2021,2021/3,RFactor 2,Endurance,Daytona,2,1,-,-,-,-,-,-,-,https://www.youtube.com/watch?v=h3IO4AJeMRI,TRUE
29/09/21,21:40,Grip,Campeonatos Classicos,Road,2021,2021/3,RFactor 2,Funcup,Watkins Glen,6,4,-,-,-,-,-,-,-,https://www.youtube.com/watch?v=4vLIoRawCLo,TRUE
01/10/21,20:00,Grip,F1BC,Road,2021,2021/3,Automobilista 2,Mini Challenge,Nurburgring,18,14,-,-,-,-,-,-,-,https://www.youtube.com/watch?v=QL2xAlNGIWU,TRUE
06/10/21,21:40,Grip,Campeonatos Classicos,Road,2021,2021/3,RFactor 2,Funcup,Laguna Seca,1,16,SIM,-,-,-,-,-,-,https://www.youtube.com/watch?v=h5Qu4Cmwdws,TRUE
06/10/21,21:40,Grip,Campeonatos Classicos,Road,2021,2021/3,RFactor 2,Funcup,Laguna Seca,16,4,-,-,-,-,-,-,-,https://www.youtube.com/watch?v=h5Qu4Cmwdws,TRUE
13/10/21,21:40,Grip,Campeonatos Classicos,Road,2021,2021/3,RFactor 2,Funcup,Road America,17,5,-,SIM,-,-,-,-,-,https://www.youtube.com/watch?v=Q0FAo_yu_yc,TRUE
13/10/21,21:40,Grip,Campeonatos Classicos,Road,2021,2021/3,RFactor 2,Funcup,Road America,6,1,-,SIM,-,-,-,-,-,https://www.youtube.com/watch?v=Q0FAo_yu_yc,TRUE
18/10/21,21:40,Grip,Campeonatos Classicos,Road,2021,2021/3,RFactor 2,Endurance,Sebring,2,2,-,-,-,-,-,-,-,https://www.youtube.com/watch?v=P1QFIlkp5kY,TRUE
20/10/21,21:40,Grip,Campeonatos Classicos,Road,2021,2021/3,RFactor 2,Funcup,Limerock,6,8,-,-,-,-,-,-,-,https://www.youtube.com/watch?v=x-XkPXStSIE,TRUE
20/10/21,21:40,Grip,Campeonatos Classicos,Road,2021,2021/3,RFactor 2,Funcup,Limerock,3,6,-,-,-,-,-,-,-,https://www.youtube.com/watch?v=x-XkPXStSIE,TRUE
27/10/21,21:40,Grip,Campeonatos Classicos,Road,2021,2021/3,RFactor 2,Funcup,Mid-Ohio,1,2,SIM,-,-,-,-,-,-,https://www.youtube.com/watch?v=GcQHhCQCSIA,TRUE
27/10/21,21:40,Grip,Campeonatos Classicos,Road,2021,2021/3,RFactor 2,Funcup,Mid-Ohio,9,6,-,-,-,-,-,-,-,https://www.youtube.com/watch?v=GcQHhCQCSIA,TRUE
01/11/21,21:40,Grip,Campeonatos Classicos,Road,2021,2021/3,RFactor 2,Endurance,Le Mans,5,DNF,-,-,-,-,-,-,-,https://www.youtube.com/watch?v=zplpHB5jlyU,TRUE
03/11/21,21:40,Grip,Campeonatos Classicos,Road,2021,2021/3,RFactor 2,Funcup,Willow Springs,3,3,-,-,-,-,-,-,-,https://www.youtube.com/watch?v=OEj7WslBomA,TRUE
03/11/21,21:40,Grip,Campeonatos Classicos,Road,2021,2021/3,RFactor 2,Funcup,Willow Springs,8,4,-,SIM,-,-,-,-,-,https://www.youtube.com/watch?v=OEj7WslBomA,TRUE
15/11/21,21:40,Grip,Campeonatos Classicos,Road,2021,2021/3,RFactor 2,Endurance,Spa-Francorchamps,1,4,SIM,SIM,-,-,-,-,-,https://www.youtube.com/watch?v=zplpHB5jlyU,TRUE
17/11/21,21:40,Grip,Campeonatos Classicos,Road,2021,2021/3,RFactor 2,Funcup,Hermanos Rodriguez,3,1,-,SIM,-,-,-,-,-,https://www.youtube.com/watch?v=_OMrwsaSlBo,TRUE
17/11/21,21:40,Grip,Campeonatos Classicos,Road,2021,2021/3,RFactor 2,Funcup,Hermanos Rodriguez,10,3,-,SIM,-,-,-,-,-,https://www.youtube.com/watch?v=_OMrwsaSlBo,TRUE
24/11/21,21:40,Grip,Campeonatos Classicos,Road,2021,2021/3,RFactor 2,Funcup,Road Atlanta,3,3,-,-,-,-,-,-,-,https://www.youtube.com/watch?v=G4sQ3okrLVs,TRUE
24/11/21,21:40,Grip,Campeonatos Classicos,Road,2021,2021/3,RFactor 2,Funcup,Road Atlanta,8,6,-,-,-,-,-,-,-,https://www.youtube.com/watch?v=G4sQ3okrLVs,TRUE
26/11/21,21:00,Grip,GreenAV Club,Road,2021,2021/3,RFactor 2,GTE,Silverstone,10,6,-,-,-,-,-,-,-,https://www.youtube.com/watch?v=0AtrOxPklOs,TRUE
01/12/21,21:40,Grip,Campeonatos Classicos,Road,2021,2021/3,RFactor 2,Funcup,Portland,3,5,-,-,-,-,-,-,-,https://www.youtube.com/watch?v=d3fyuhZwIFc,TRUE
01/12/21,21:40,Grip,Campeonatos Classicos,Road,2021,2021/3,RFactor 2,Funcup,Portland,6,7,-,-,-,-,-,-,-,https://www.youtube.com/watch?v=d3fyuhZwIFc,TRUE
08/12/21,21:40,Grip,Campeonatos Classicos,Road,2021,2021/3,RFactor 2,Funcup,Indianapolis RC,2,2,-,-,-,-,-,-,-,https://www.youtube.com/watch?v=6l9m5FZj54M,TRUE
08/12/21,21:40,Grip,Campeonatos Classicos,Road,2021,2021/3,RFactor 2,Funcup,Indianapolis RC,9,5,-,-,-,-,-,-,-,https://www.youtube.com/watch?v=6l9m5FZj54M,TRUE
13/12/21,21:40,Grip,Campeonatos Classicos,Road,2021,2021/3,RFactor 2,Endurance,Monza,1,1,SIM,SIM,SIM,-,-,-,-,https://www.youtube.com/watch?v=EqDj33iD674,TRUE
20/01/22,20:00,Grip,F1BC,Road,2022,2022/1,Automobilista,Lancer,Velo Citta,1,12,SIM,-,-,-,-,-,-,https://www.youtube.com/watch?v=My_Yublhe7E,TRUE
03/02/22,20:00,Grip,F1BC,Road,2022,2022/1,Automobilista,Lancer,Curitiba,1,1,SIM,SIM,SIM,SIM,-,-,-,https://www.youtube.com/watch?v=hw-eN5SKVHo,TRUE
07/02/22,21:45,Grip,Campeonatos Classicos,Road,2022,2022/1,RFactor 2,Alpine GT4,Paul Ricard,8,7,-,-,-,-,-,-,-,https://www.youtube.com/watch?v=pz8-lmjA-pA,TRUE
10/02/22,20:00,Grip,F1BC,Road,2022,2022/1,Automobilista,Lancer,Watkins Glen,3,3,-,SIM,-,-,-,-,-,https://www.youtube.com/watch?v=rk1ybFVfADc,TRUE
14/02/22,21:45,Grip,Campeonatos Classicos,Road,2022,2022/1,RFactor 2,DTM,Hockenhein,6,DNF,-,-,-,-,-,-,-,https://www.youtube.com/watch?v=w_lP0W5gYY0,TRUE
17/02/22,20:00,Grip,F1BC,Road,2022,2022/1,Automobilista,Lancer,Campo Grande,1,2,SIM,SIM,-,-,-,-,-,https://www.youtube.com/watch?v=22g1TxNiRYs,TRUE
21/02/22,21:45,Grip,Campeonatos Classicos,Road,2022,2022/1,RFactor 2,Alpine GT4,Dijon,9,10,-,-,-,-,-,-,-,https://www.youtube.com/watch?v=-MTEiDa4_Dg,TRUE
24/02/22,20:00,Grip,F1BC,Road,2022,2022/1,Automobilista,Lancer,Zandvoort,3,7,-,-,-,-,-,SIM,-,https://www.youtube.com/watch?v=t9Zwf8TROfE,TRUE
28/02/22,21:45,Grip,Campeonatos Classicos,Road,2022,2022/1,RFactor 2,DTM,Lausitzring,7,5,-,-,-,-,-,-,-,https://www.youtube.com/watch?v=0tBSrTJaZbU,TRUE
07/03/22,21:45,Grip,Campeonatos Classicos,Road,2022,2022/1,RFactor 2,Alpine GT4,Bugatti,11,9,-,-,-,-,-,-,-,https://www.youtube.com/watch?v=9bsA0Wvq6u8,TRUE
14/03/22,21:45,Grip,Campeonatos Classicos,Road,2022,2022/1,RFactor 2,DTM,Hungaroring,6,3,-,-,-,-,-,-,-,https://www.youtube.com/watch?v=r2k-isJM3Ng,TRUE
21/03/22,21:45,Grip,Campeonatos Classicos,Road,2022,2022/1,RFactor 2,Alpine GT4,Monza,8,3,-,-,-,-,-,-,-,https://www.youtube.com/watch?v=XiNFHg54bTc,TRUE
28/03/22,21:45,Grip,Campeonatos Classicos,Road,2022,2022/1,RFactor 2,DTM,Norisring,1,1,SIM,-,-,-,-,-,-,https://www.youtube.com/watch?v=lewRvTxTGFs,TRUE
31/03/22,20:00,Grip,F1BC,Road,2022,2022/2,Automobilista,Superclio,Nurburgring,14,5,-,-,-,-,-,-,-,https://www.youtube.com/watch?v=zFIGzJH_1hY,TRUE
04/04/22,21:45,Grip,Campeonatos Classicos,Road,2022,2022/1,RFactor 2,Alpine GT4,Mugello,7,6,-,-,-,-,-,-,-,https://youtu.be/w_49LgCUtdU,TRUE
11/04/22,21:45,Grip,Campeonatos Classicos,Road,2022,2022/1,RFactor 2,DTM,Zandvoort,3,4,-,-,-,-,-,-,-,https://www.youtube.com/watch?v=krvZUP5A500,TRUE
14/04/22,20:00,Grip,F1BC,Road,2022,2022/2,Automobilista,Superclio,Santa Cruz do Sul,18,10,-,-,-,-,-,-,-,https://www.youtube.com/watch?v=Zk47ZlcB2qg,TRUE
18/04/22,21:45,Grip,Campeonatos Classicos,Road,2022,2022/1,RFactor 2,Alpine GT4,Zolder,7,5,-,-,-,-,-,-,-,https://www.youtube.com/watch?v=wRvKBq7muDM,TRUE
25/04/22,21:45,Grip,Campeonatos Classicos,Road,2022,2022/1,RFactor 2,DTM,Brands Hatch,6,13,-,-,-,-,-,-,-,https://www.youtube.com/watch?v=uRylbmQFozg,TRUE
28/04/22,20:00,Grip,F1BC,Road,2022,2022/2,Automobilista,Superclio,Spa-Francorchamps,8,2,-,-,-,-,-,-,-,https://www.youtube.com/watch?v=Y581uUT56eQ,TRUE
02/05/22,21:45,Grip,Campeonatos Classicos,Road,2022,2022/1,RFactor 2,Alpine GT4,Magny Cours,8,4,-,-,-,-,-,-,-,https://www.youtube.com/watch?v=unPFVN_GWMw,TRUE
04/05/22,21:45,Grip,Campeonatos Classicos,Road,2022,2022/2,RFactor 2,ETRC 2012,Istambul,1,2,SIM,-,-,-,-,-,-,https://www.youtube.com/watch?v=xuBdNhxArHc,TRUE
04/05/22,21:45,Grip,Campeonatos Classicos,Road,2022,2022/2,RFactor 2,ETRC 2012,Istambul,8,2,-,-,-,-,-,-,-,https://www.youtube.com/watch?v=xuBdNhxArHc,TRUE
09/05/22,21:45,Grip,Campeonatos Classicos,Road,2022,2022/1,RFactor 2,DTM,Spielberg,3,3,-,-,-,-,-,-,-,https://www.youtube.com/watch?v=MFZbty5e9AM,TRUE
12/05/22,20:00,Grip,F1BC,Road,2022,2022/2,Automobilista,Superclio,Guapore,15,8,-,-,-,-,-,-,-,https://www.youtube.com/watch?v=kG9-aPm6PqM,TRUE
16/05/22,21:45,Grip,Campeonatos Classicos,Road,2022,2022/1,RFactor 2,Alpine GT4,Nurburgring,3,2,-,-,-,-,-,-,-,https://www.youtube.com/watch?v=4r_cpSAIxqs,TRUE
26/05/22,20:00,Grip,F1BC,Road,2022,2022/2,Automobilista,Superclio,Jerez,7,7,-,-,-,-,-,-,-,https://www.youtube.com/watch?v=e48el36eyDI,TRUE
09/06/22,20:00,Grip,F1BC,Road,2022,2022/2,Automobilista,Superclio,Jacarepagua,11,5,-,-,-,-,-,SIM,-,https://www.youtube.com/watch?v=Q6gDXhmXbgE,TRUE
23/06/22,22:00,Grip,F1BC,Road,2022,2022/3,Automobilista,Superclio,Barcelona,10,3,-,-,-,-,-,-,-,https://www.youtube.com/watch?v=f28NK1eQcyA,TRUE
28/06/22,20:00,Grip,F1BC,Road,2022,2022/3,ACC,GT3,Imola,32,29,-,-,-,-,-,-,-,https://www.youtube.com/watch?v=bu2D2KIpjGs,TRUE
07/07/22,20:00,Grip,F1BC,Road,2022,2022/3,Automobilista,Superclio,Cascavel,11,5,-,-,-,-,-,-,-,https://www.youtube.com/watch?v=dBF9fTDSlLk,TRUE
12/07/22,20:00,Grip,F1BC,Road,2022,2022/3,ACC,GT3,Zandvoort,19,14,-,-,-,-,-,-,-,https://www.youtube.com/watch?v=jkQVSRfkRo8,TRUE
21/07/22,20:00,Grip,F1BC,Road,2022,2022/3,Automobilista,Superclio,Suzuka,6,7,-,-,-,-,-,-,-,https://www.youtube.com/watch?v=lF5YLnUQ_UQ,TRUE
26/07/22,20:00,Grip,F1BC,Road,2022,2022/3,ACC,GT3,Laguna Seca,29,21,-,-,-,-,-,-,-,https://www.youtube.com/watch?v=cqKatWM4A4E,TRUE
04/08/22,20:00,Grip,F1BC,Road,2022,2022/3,Automobilista,Superclio,Goiania,11,4,-,-,-,-,-,-,-,https://www.youtube.com/watch?v=euEsRITZaYs,TRUE
18/08/22,20:00,Grip,F1BC,Road,2022,2022/3,Automobilista,Superclio,Laguna Seca,6,6,-,-,-,-,-,-,-,https://www.youtube.com/watch?v=bjn0lbYiEAY,TRUE
23/08/22,20:00,Grip,F1BC,Road,2022,2022/3,ACC,GT3,Donington Park,22,19,-,-,-,-,-,-,-,https://www.youtube.com/watch?v=LtfjOmeFcp0,TRUE
01/09/22,20:00,Grip,F1BC,Road,2022,2022/3,Automobilista,Superclio,Brasilia,5,2,-,-,-,-,-,-,-,https://www.youtube.com/watch?v=JPbZxh9mTBY,TRUE
06/09/22,20:00,Grip,F1BC,Road,2022,2022/3,ACC,GT3,Silverstone,22,21,-,-,-,-,-,-,-,https://www.youtube.com/watch?v=k-Ctz5WvN4I,TRUE
19/09/22,21:00,Grip,Grid Seven AV,Road,2022,2022/4,Automobilista,Marcas,Cascavel,3,4,-,-,-,-,-,-,-,https://youtu.be/h3mmzquV3jE,TRUE
19/09/22,21:00,Grip,Grid Seven AV,Road,2022,2022/4,Automobilista,Marcas,Cascavel,5,DNF,-,-,-,-,-,-,-,https://youtu.be/h3mmzquV3jE,TRUE
29/09/22,20:00,Grip,F1BC,Road,2022,2022/4,Automobilista,Superclio,Buenos Aires,6,1,-,-,-,-,-,-,-,https://www.youtube.com/watch?v=Ye4K1h1egHU,TRUE
03/10/22,21:00,Grip,Grid Seven AV,Road,2022,2022/4,Automobilista,Marcas,Santa Cruz do Sul,14,4,-,-,-,-,-,-,-,https://youtu.be/aLB49j5CgXg,TRUE
03/10/22,21:00,Grip,Grid Seven AV,Road,2022,2022/4,Automobilista,Marcas,Santa Cruz do Sul,5,2,-,-,-,-,-,-,-,https://youtu.be/aLB49j5CgXg,TRUE
13/10/22,20:00,Grip,F1BC,Road,2022,2022/4,Automobilista,Superclio,Londrina,10,7,-,-,-,-,-,-,-,https://www.youtube.com/watch?v=5B4CBqy10ro,TRUE
27/10/22,20:00,Grip,F1BC,Road,2022,2022/4,Automobilista,Superclio,Okayama,7,2,-,-,-,-,-,-,-,https://youtu.be/sha_ak4xPoI,TRUE
31/10/22,21:00,Grip,Grid Seven AV,Road,2022,2022/4,Automobilista,Marcas,Goiania,2,3,-,-,-,-,-,-,-,https://www.youtube.com/watch?v=wCqk4wnK-kQ,TRUE
31/10/22,21:00,Grip,Grid Seven AV,Road,2022,2022/4,Automobilista,Marcas,Goiania,6,1,-,-,-,-,-,-,-,https://www.youtube.com/watch?v=wCqk4wnK-kQ,TRUE
01/11/22,20:00,Grip,F1BC,Road,2022,2022/4,Assetto Corsa,Mini,Miami,7,8,-,-,-,-,-,-,-,https://www.youtube.com/watch?v=LN-8wkbWM-I,TRUE
10/11/22,20:00,Grip,F1BC,Road,2022,2022/4,Automobilista,Superclio,Taruma,7,3,-,-,-,-,-,-,-,https://www.youtube.com/watch?v=tDYlZOaRO9U,TRUE
14/11/22,21:00,Grip,Grid Seven AV,Road,2022,2022/4,Automobilista,Marcas,Brasilia,2,DNF,-,-,-,-,-,-,-,https://www.youtube.com/watch?v=eaOCS_5jjEc,TRUE
14/11/22,21:00,Grip,Grid Seven AV,Road,2022,2022/4,Automobilista,Marcas,Brasilia,7,4,-,-,-,-,-,-,-,https://www.youtube.com/watch?v=eaOCS_5jjEc,TRUE
15/11/22,20:00,Grip,F1BC,Road,2022,2022/4,Assetto Corsa,Mini,Monaco,10,9,-,-,-,-,-,-,-,https://www.youtube.com/watch?v=EJpUPwEF3fw,TRUE
24/11/22,20:00,Grip,F1BC,Road,2022,2022/4,Automobilista,Superclio,Spielberg,6,3,-,-,-,-,-,SIM,-,https://www.youtube.com/watch?v=INoC8aHbqvY,TRUE
28/11/22,21:00,Grip,Grid Seven AV,Road,2022,2022/4,Automobilista,Marcas,Interlagos,3,3,-,-,-,-,-,-,-,N/A,TRUE
28/11/22,21:00,Grip,Grid Seven AV,Road,2022,2022/4,Automobilista,Marcas,Interlagos,6,2,-,-,-,-,-,-,-,N/A,TRUE
08/12/22,20:00,Grip,F1BC,Road,2022,2022/4,Automobilista,Superclio,Interlagos,3,1,-,-,-,-,SIM,-,-,https://www.youtube.com/watch?v=1sT67jcbs6Y,TRUE
13/12/22,20:00,Grip,F1BC,Road,2022,2022/4,Assetto Corsa,Mini,Adelaide,11,10,-,-,-,-,-,-,-,https://www.youtube.com/watch?v=AjiOskkgsBs,TRUE
20/12/22,20:00,Grip,F1BC,Road,2022,2022/4,Assetto Corsa,Mini,Silverstone,10,16,-,-,-,-,-,-,-,https://www.youtube.com/watch?v=PilNs80BWGk,TRUE
30/01/23,20:30,Grip,RacersAv,Road,2023,2023/1,Automobilista 2,Mini,Imola,1,2,SIM,SIM,-,-,-,-,-,https://www.youtube.com/watch?v=nh51poVp_ao,TRUE
02/02/23,20:00,Grip,F1BC,Road,2023,2023/1,Automobilista,Superclio,Buenos Aires,2,1,-,-,-,-,-,-,-,https://www.youtube.com/watch?v=DZ1ViDZoXhU,TRUE
13/02/23,20:30,Grip,RacersAv,Road,2023,2023/1,Automobilista 2,Mini,Montreal,1,1,SIM,SIM,SIM,-,-,-,-,https://www.youtube.com/watch?v=drZI9TWKs54,TRUE
16/02/23,20:00,Grip,F1BC,Road,2023,2023/1,Automobilista,Superclio,Brasilia,10,8,-,-,-,-,-,-,-,https://www.youtube.com/watch?v=PucPAF3t4Jk,TRUE
27/02/23,20:30,Grip,RacersAv,Road,2023,2023/1,Automobilista 2,Mini,Interlagos,1,5,SIM,-,-,-,-,-,-,https://www.youtube.com/watch?v=EqmMYmy6Cnw&ab_channel=WARMUPE-SPORTS,TRUE
09/03/23,20:00,Grip,F1BC,Road,2023,2023/1,Automobilista,Superclio,Cascavel,11,5,-,-,-,-,-,-,-,https://www.youtube.com/watch?v=tW57LMf1_hA&ab_channel=ellevenTV,TRUE
13/03/23,20:30,Grip,RacersAv,Road,2023,2023/1,Automobilista 2,Mini,Adelaide,2,6,-,-,-,-,-,-,-,https://www.youtube.com/watch?v=Hwubp2B8ahs,TRUE
23/03/23,20:00,Grip,F1BC,Road,2023,2023/1,Automobilista,Superclio,Goiania,11,8,-,-,-,-,-,-,-,https://www.youtube.com/watch?v=kCkQw1yIVXc&ab_channel=ellevenTV,TRUE
27/03/23,20:30,Grip,RacersAv,Road,2023,2023/1,Automobilista 2,Mini,Goiania,1,1,SIM,SIM,SIM,-,-,-,-,https://www.youtube.com/watch?v=fXScyf3qlAk&ab_channel=WARMUPE-SPORTS,TRUE
06/04/23,20:00,Grip,F1BC,Road,2023,2023/1,Automobilista,Superclio,Laguna Seca,8,10,-,-,-,-,-,-,-,https://www.youtube.com/watch?v=9divZgUpRSw&ab_channel=ellevenTV,TRUE
10/04/23,20:30,Grip,RacersAv,Road,2023,2023/1,Automobilista 2,Mini,Termas de Rio Hondo,5,2,-,-,-,-,-,-,-,https://www.youtube.com/watch?v=LEr9G0VWsUU&ab_channel=WARMUPE-SPORTS,TRUE
25/05/23,22:00,Grip,VORC Series,Road,2023,2023/2,Automobilista,Marcas,Santa Cruz do Sul,4,5,-,-,-,-,-,-,-,https://www.youtube.com/watch?v=gS4zAGcU3Uo,TRUE
25/05/23,23:00,Grip,VORC Series,Road,2023,2023/2,Automobilista,Marcas,Santa Cruz do Sul,6,13,-,-,-,-,-,-,-,https://www.youtube.com/watch?v=gS4zAGcU3Uo,TRUE
01/06/23,20:00,Grip,F1BC,Road,2023,2023/2,Automobilista,Superclio,Barcelona,3,1,-,-,-,-,-,-,-,https://youtu.be/L-9DSvFtwLA,TRUE
08/06/23,22:00,Grip,VORC Series,Road,2023,2023/2,Automobilista,Marcas,Interlagos,2,3,-,-,-,-,-,-,-,https://www.youtube.com/watch?v=q3N5Xpt-T8E,TRUE
08/06/23,23:00,Grip,VORC Series,Road,2023,2023/2,Automobilista,Marcas,Interlagos,8,5,-,-,-,-,-,-,-,https://www.youtube.com/watch?v=q3N5Xpt-T8E,TRUE
15/06/23,20:00,Grip,F1BC,Road,2023,2023/2,Automobilista,Superclio,Okayama,9,4,-,-,-,-,-,-,-,https://www.youtube.com/watch?v=dcwJmOqbboU,TRUE
29/06/23,20:00,Grip,F1BC,Road,2023,2023/2,Automobilista,Superclio,Watkins Glen,12,7,-,-,-,-,-,-,-,https://www.youtube.com/watch?v=PMca1lIJtvA,TRUE
27/07/23,20:00,Grip,F1BC,Road,2023,2023/2,Automobilista,Superclio,Donington Park,4,4,-,-,-,-,-,-,-,https://www.youtube.com/watch?v=pFs0RPkB_Uo,TRUE
10/08/23,20:00,Grip,F1BC,Road,2023,2023/2,Automobilista,Superclio,Spa-Francorchamps,5,1,-,-,-,-,-,-,-,https://www.youtube.com/watch?v=q1_f9phHK30,TRUE
20/09/23,20:00,Grip,F1BC,Road,2023,2023/3,iRacing,TCR,Oulton Park,29,24,-,-,-,-,-,-,-,https://www.youtube.com/watch?v=VmABJBUyWQo,TRUE
20/09/23,20:00,Grip,F1BC,Road,2023,2023/3,iRacing,TCR,Oulton Park,24,16,-,-,-,-,-,-,-,https://www.youtube.com/watch?v=VmABJBUyWQo,TRUE
04/10/23,20:00,Grip,F1BC,Road,2023,2023/3,iRacing,TCR,Spa-Francorchamps,33,22,-,-,-,-,-,-,-,https://www.youtube.com/watch?v=RtUFRRluDQw,TRUE
04/10/23,20:00,Grip,F1BC,Road,2023,2023/3,iRacing,TCR,Spa-Francorchamps,22,26,-,-,-,-,-,-,-,https://www.youtube.com/watch?v=RtUFRRluDQw,TRUE
18/10/23,20:00,Grip,F1BC,Road,2023,2023/3,iRacing,TCR,Road Atlanta,34,27,-,-,-,-,-,-,-,https://www.youtube.com/watch?v=BTONYOaxMng,TRUE
18/10/23,20:00,Grip,F1BC,Road,2023,2023/3,iRacing,TCR,Road Atlanta,27,23,-,-,-,-,-,-,-,https://www.youtube.com/watch?v=BTONYOaxMng,TRUE
08/11/23,20:00,Grip,Racing Bears,Road,2023,2023/3,Automobilista 2,Prototipo P2,Watkins Glen,4,2,-,-,-,-,-,-,-,https://www.youtube.com/watch?v=piWSpKuPLGA,TRUE
22/11/23,20:00,Grip,Racing Bears,Road,2023,2023/3,Automobilista 2,Prototipo P2,Termas de Rio Hondo,2,1,-,-,-,-,-,-,-,https://www.youtube.com/watch?v=-wUPdrRYems,TRUE
29/11/23,20:00,Grip,Racing Bears,Road,2023,2023/3,Automobilista 2,Prototipo P2,Brasilia,2,1,-,-,-,-,-,-,-,https://www.youtube.com/watch?v=CgXP1jNHsyg,TRUE
06/12/23,20:00,Grip,Racing Bears,Road,2023,2023/3,Automobilista 2,Prototipo P2,Kyalami,1,4,SIM,-,-,-,-,-,-,https://www.youtube.com/watch?v=_wt13eOajPw,TRUE
13/12/23,20:00,Grip,Racing Bears,Road,2023,2023/3,Automobilista 2,Prototipo P2,Nurburgring,3,3,-,-,-,-,-,-,-,https://www.youtube.com/watch?v=M08QFzYAqoo,TRUE
29/01/24,22:00,Grip,RacersAv,Road,2024,2024/1,Automobilista 2,Sprint Race,Velo Citta,1,1,SIM,SIM,SIM,-,-,-,-,https://www.youtube.com/watch?v=l1nmMrsq0ao,TRUE
12/02/24,22:00,Grip,RacersAv,Road,2024,2024/1,Automobilista 2,Sprint Race,Interlagos,1,1,SIM,SIM,SIM,-,-,-,-,https://www.youtube.com/watch?v=QOz-CERbl8c,TRUE
26/02/24,22:00,Grip,RacersAv,Road,2024,2024/1,Automobilista 2,Sprint Race,Curitiba,4,1,-,-,-,-,-,-,-,https://www.youtube.com/watch?v=WkxnH5LJHd8,TRUE
11/03/24,22:00,Grip,RacersAv,Road,2024,2024/1,Automobilista 2,Sprint Race,Buenos Aires,1,4,SIM,SIM,-,-,-,-,-,https://www.youtube.com/watch?v=kKR9srn3pPw,TRUE
25/03/24,22:00,Grip,RacersAv,Road,2024,2024/1,Automobilista 2,Sprint Race,Cascavel,2,1,-,-,-,-,-,-,-,https://www.youtube.com/watch?v=os4ycwwf4ks,TRUE
08/04/24,22:00,Grip,RacersAv,Road,2024,2024/1,Automobilista 2,Sprint Race,Goiania,1,1,SIM,SIM,SIM,-,SIM,-,-,https://www.youtube.com/watch?v=C4jBTP6fzWg,TRUE
25/03/25,22:00,Grip,AVRS,Road,2025,2025/1,Assetto Corsa,Marcas,Curitiba,23,23,-,-,-,-,-,-,-,https://www.youtube.com/live/au_Y1k1XQTc,TRUE
25/03/25,22:00,Grip,AVRS,Road,2025,2025/1,Assetto Corsa,Marcas,Curitiba,23,12,-,-,-,-,-,-,-,https://www.youtube.com/live/au_Y1k1XQTc,TRUE
08/04/25,22:00,Grip,AVRS,Road,2025,2025/1,Assetto Corsa,Marcas,Goiania,15,9,-,-,-,-,-,-,-,https://www.youtube.com/watch?v=SIGvmjEF3EM,TRUE
08/04/25,22:00,Grip,AVRS,Road,2025,2025/1,Assetto Corsa,Marcas,Goiania,9,11,-,-,-,-,-,-,-,https://www.youtube.com/watch?v=SIGvmjEF3EM,TRUE
16/07/25,21:30,Grip,Racing Bears,Road,2025,2025/2,Automobilista 2,Sprint Race,Londrina,3,4,-,-,-,-,-,-,-,https://www.youtube.com/watch?v=odLtkfuyplQ,TRUE
23/07/25,21:30,Grip,Racing Bears,Road,2025,2025/2,Automobilista 2,Sprint Race,Cascavel,12,2,-,-,-,-,-,-,-,https://youtube.com/live/0A4y3WyCdBY?feature=share,TRUE
30/07/25,21:30,Grip,Racing Bears,Road,2025,2025/2,Automobilista 2,Sprint Race,Goiania,6,2,-,SIM,-,-,-,-,-,https://www.youtube.com/watch?v=zk3YuM2vv_E,TRUE
06/08/25,21:30,Grip,Racing Bears,Road,2025,2025/2,Automobilista 2,Sprint Race,Curitiba,2,2,-,-,-,-,-,-,-,https://www.youtube.com/watch?v=Uf_Sg2DR-IU,TRUE
13/08/25,21:30,Grip,Racing Bears,Road,2025,2025/2,Automobilista 2,Sprint Race,Interlagos,6,4,-,-,-,-,-,-,-,https://www.youtube.com/watch?v=GtwkpBxYiQY,TRUE
16/01/26,22:00,Grip,VORC Series,Road,2026,2026/1,RFactor 2,Stock Car,Velo Citta,5,3,-,-,-,-,-,-,-,https://www.youtube.com/watch?v=NSPER73OGSM,TRUE
16/01/26,22:00,Grip,VORC Series,Road,2026,2026/1,RFactor 2,Stock Car,Velo Citta,8,5,-,SIM,-,-,-,-,-,https://www.youtube.com/watch?v=NSPER73OGSM,TRUE
30/01/26,21:30,Grip,VORC Series,Road,2026,2026/1,RFactor 2,Stock Car,Taruma,4,1,-,-,-,-,-,-,-,https://www.youtube.com/watch?v=rTtnc5yw9f0,TRUE
30/01/26,21:30,Grip,VORC Series,Road,2026,2026/1,RFactor 2,Stock Car,Taruma,9,6,-,-,-,-,-,-,-,https://www.youtube.com/watch?v=rTtnc5yw9f0,TRUE
13/02/26,21:30,Grip,VORC Series,Road,2026,2026/1,RFactor 2,Stock Car,Cascavel,3,2,-,SIM,-,-,-,-,-,https://www.youtube.com/watch?v=xMfIxg9YONg,TRUE
13/02/26,21:30,Grip,VORC Series,Road,2026,2026/1,RFactor 2,Stock Car,Cascavel,7,DNF,-,-,-,-,-,-,-,https://www.youtube.com/watch?v=xMfIxg9YONg,TRUE
27/02/26,21:30,Grip,VORC Series,Road,2026,2026/1,RFactor 2,Stock Car,Interlagos,3,5,-,-,-,-,-,-,-,https://www.youtube.com/watch?v=jBtPvatovS4,TRUE
27/02/26,21:30,Grip,VORC Series,Road,2026,2026/1,RFactor 2,Stock Car,Interlagos,6,1,-,-,-,-,-,-,-,https://www.youtube.com/watch?v=jBtPvatovS4,TRUE
18/03/26,22:00,Grip,Campeonatos Classicos,Road,2026,2026/2,RFactor 2,Stock Car,Campo Grande,2,4,-,-,-,-,-,-,-,,TRUE
25/03/26,22:00,Grip,Campeonatos Classicos,Road,2026,2026/2,RFactor 2,Stock Car,Interlagos,9,DNF,-,-,-,-,-,-,-,https://www.youtube.com/watch?v=oBsuzSJ3MFU&t=3281s,TRUE
15/04/26,22:00,Grip,Campeonatos Classicos,Road,2026,2026/2,RFactor 2,Stock Car,Curitiba,13,11,-,-,-,-,-,-,-,,TRUE
22/04/26,22:00,Grip,Campeonatos Classicos,Road,2026,2026/2,RFactor 2,Stock Car,Brasilia,12,DNF,-,-,-,-,-,-,-,,TRUE
08/05/26,21:30,Grip,VORC Series,Road,2026,2026/2,RFactor 2,Stock Car,Tocancipa,8,8,-,-,-,-,-,-,-,https://www.youtube.com/watch?v=rP6PPQ0qQTs&t=1285s,FALSE
08/05/26,21:30,Grip,VORC Series,Road,2026,2026/2,RFactor 2,Stock Car,Tocancipa,10,9,-,-,-,-,-,-,-,https://www.youtube.com/watch?v=rP6PPQ0qQTs&t=1285s,FALSE
13/05/26,22:00,Grip,Campeonatos Classicos,Road,2026,2026/2,RFactor 2,Stock Car,Jacarepagua,5,6,-,-,-,-,-,-,-,,FALSE
20/05/26,22:00,Grip,Campeonatos Classicos,Road,2026,2026/2,RFactor 2,Stock Car,Interlagos,8,DNF,-,-,-,-,-,-,-,,FALSE
22/05/26,21:30,Grip,VORC Series,Road,2026,2026/2,RFactor 2,Stock Car,Goiania,4,3,-,-,-,-,-,-,-,,TRUE
,,,,,,,,,,,,-,-,-,-,-,-,-,,FALSE
,,,,,,,,,,,,-,-,-,-,-,-,-,,FALSE
,,,,,,,,,,,,-,-,-,-,-,-,-,,FALSE
,,,,,,,,,,,,-,-,-,-,-,-,-,,FALSE
,,,,,,,,,,,,-,-,-,-,-,-,-,,FALSE
,,,,,,,,,,,,-,-,-,-,-,-,-,,FALSE
,,,,,,,,,,,,-,-,-,-,-,-,-,,FALSE
,,,,,,,,,,,,-,-,-,-,-,-,-,,FALSE
,,,,,,,,,,,,-,-,-,-,-,-,-,,FALSE
,,,,,,,,,,,,-,-,-,-,-,-,-,,FALSE
,,,,,,,,,,,,-,-,-,-,-,-,-,,FALSE
,,,,,,,,,,,,-,-,-,-,-,-,-,,FALSE
,,,,,,,,,,,,-,-,-,-,-,-,-,,FALSE
,,,,,,,,,,,,-,-,-,-,-,-,-,,FALSE
,,,,,,,,,,,,-,-,-,-,-,-,-,,FALSE
,,,,,,,,,,,,-,-,-,-,-,-,-,,FALSE
,,,,,,,,,,,,-,-,-,-,-,-,-,,FALSE
,,,,,,,,,,,,-,-,-,-,-,-,-,,FALSE